id,order_number,user_id,created
9,1,10,5/26/2014 21:10
10,2,10,5/29/2014 20:18
11,3,10,5/30/2014 23:40
13,4,10,6/6/2014 2:59
14,5,10,6/12/2014 23:47
17,6,10,6/16/2014 21:47
18,7,10,6/17/2014 3:36
24,8,10,6/22/2014 23:04
26,9,10,6/27/2014 21:54
36,1,87,6/11/2014 3:21
75,2,87,6/24/2014 1:34
90,3,87,6/29/2014 3:59
151,4,87,7/8/2014 3:38
388,5,87,7/20/2014 21:50
492,6,87,7/25/2014 23:53
498,7,87,7/26/2014 3:25
715,8,87,8/7/2014 22:15
716,9,87,8/7/2014 22:35
831,10,87,8/13/2014 19:00
23908,56,87,6/12/2015 1:21
28104,57,87,7/5/2015 0:37
9448,1,96,6/5/2014 21:11
11383,2,96,6/6/2014 21:03
12226,3,96,7/19/2014 22:25
13829,4,96,7/1/2014 18:49
14887,5,96,4/10/2015 2:47
7463,1,122,7/9/2014 21:40
7781,2,122,7/19/2014 2:06
1990,2,152,6/19/2014 18:24
2665,3,152,6/21/2014 18:29
3857,4,152,6/21/2014 21:28
3861,5,152,7/30/2014 23:41
7001,6,152,8/1/2014 4:59
7939,7,152,8/2/2014 4:46
8317,8,152,8/3/2014 1:22
13815,9,152,8/4/2014 17:42
16183,10,152,8/5/2014 17:04
21309,11,152,8/6/2014 23:24
28713,12,152,8/20/2014 1:11
